Column;H statistic;pvalue
Mature;60469.64932437862;0.0
pre-miRNA;7812.069509581993;0.0
tRNA;20106.720034154197;0.0
rRNA;104163.18543618279;0.0
snoRNA;53721.952749877695;0.0
trfs;37817.76556062101;0.0
pseudo-hairpins;265.2168637763468;2.978608869161735e-55
Random;703.1600458125123;1.018562694862783e-149
G+C;8236.630992565235;0.0
A+U;8216.109545001062;0.0
AA;4384.0991640062575;0.0
AC;1850.2317168285272;0.0
AG;377.51739286933815;2.0740087045918014e-79
AU;3736.4171908353987;0.0
CA;1759.376927514304;0.0
CC;1773.589531280543;0.0
CG;5651.359550698927;0.0
CU;1858.5997857025727;0.0
GA;390.67472317590125;3.033431530442794e-82
GC;105.73939123525867;3.2540130985511564e-21
GG;6585.037174946666;0.0
GU;1620.743992708906;0.0
UA;1192.1679507046026;1.4602799889473567e-255
UC;2263.567362811042;0.0
UG;4722.4111767851255;0.0
UU;3032.3275187501717;0.0
MFEI1;1379.2141775854986;4.3919495760879105e-296
MFEI2;7721.31910737461;0.0
MFEI3;3196.620933718515;0.0
MFEI4;14930.45920033163;0.0
MFEI5;35802.15727251114;0.0
dG;27786.37674765368;0.0
dP;25195.237424333423;0.0
dD;3074.6154335234587;0.0
dQ;2805.6175944604443;0.0
PosEntropy;4286.487617238643;0.0
EAFE;24360.510000656006;0.0
Div/ty;34695.32191502525;0.0
Freq;31734.379693005318;0.0
Diff;27938.713805304757;0.0
dH;62112.409093323;0.0
dH/L;44454.638344308296;0.0
dS;62011.651971126776;0.0
dS/L;43015.4633547085;0.0
Tm;8940.169072659495;0.0
Tm/L;26836.838876701386;0.0
|A-U|/L;10536.361689334146;0.0
|G-C|/L;2213.2548437420587;0.0
|G-U|/L;7080.711571244011;0.0
Avg_BP_stems;15482.23562742921;0.0
(A-U)/stems;9774.058765507752;0.0
(G-C)/stems;42460.46479157534;0.0
(G-U)/stems;2298.963443493092;0.0
G/C;642.0572333084627;1.649112648823403e-136
BP/GC;24265.056737812916;0.0
BP/AU;3231.4002498465597;0.0
BP/GU;2973.9305676373565;0.0
Len;59289.81202700265;0.0
CE/L;16654.023404291245;0.0
CE_dist;30261.899470017594;0.0
zG;24723.93906456312;0.0
zP;15094.940064971363;0.0
zD;24649.88550646008;0.0
zQ;16691.296870389942;0.0
zSP;31091.61310434817;0.0
dF;23090.334651832127;0.0
